{"kind":"FileIndex","apiVersion":"v1","Files":{".devfile":{"Size":0,"LastModifiedDate":"2022-10-09T16:21:30.4633601+08:00"},".devfile\\icon":{"Size":0,"LastModifiedDate":"2022-10-09T16:21:30.4663608+08:00"},".devfile\\icon\\spring-logo.png":{"Size":6670,"LastModifiedDate":"2022-06-28T04:36:17+08:00"},".dockerignore":{"Size":31,"LastModifiedDate":"2022-06-28T04:36:17+08:00"},".gitignore":{"Size":79,"LastModifiedDate":"2022-10-10T12:23:35.7650612+08:00"},".idea":{"Size":4096,"LastModifiedDate":"2022-10-09T16:21:30.4893611+08:00"},".idea\\.gitignore":{"Size":50,"LastModifiedDate":"2022-10-09T15:40:36.3763834+08:00"},".idea\\compiler.xml":{"Size":705,"LastModifiedDate":"2022-10-09T15:41:59.4778464+08:00"},".idea\\encodings.xml":{"Size":191,"LastModifiedDate":"2022-10-09T15:41:59.4928479+08:00"},".idea\\jarRepositories.xml":{"Size":1354,"LastModifiedDate":"2022-10-09T15:41:59.5098472+08:00"},".idea\\misc.xml":{"Size":567,"LastModifiedDate":"2022-10-09T15:40:51.4995914+08:00"},".idea\\sonarlint":{"Size":0,"LastModifiedDate":"2022-10-09T16:21:30.4913605+08:00"},".idea\\sonarlint\\issuestore":{"Size":0,"LastModifiedDate":"2022-10-09T16:21:30.4943616+08:00"},".idea\\sonarlint\\issuestore\\index.pb":{"Size":0,"LastModifiedDate":"2022-10-09T16:06:51.1245668+08:00"},".idea\\workspace.xml":{"Size":2784,"LastModifiedDate":"2022-10-09T15:56:50.7299346+08:00"},"HELP.md":{"Size":445,"LastModifiedDate":"2022-06-28T04:36:17+08:00"},"OWNERS":{"Size":68,"LastModifiedDate":"2022-10-10T13:14:51.4095727+08:00"},"README.md":{"Size":102,"LastModifiedDate":"2022-06-28T04:36:17+08:00"},"bin":{"Size":4096,"LastModifiedDate":"2022-10-10T12:17:57.8120056+08:00"},"bin\\.devfile":{"Size":0,"LastModifiedDate":"2022-10-10T12:17:57.7100047+08:00"},"bin\\.devfile\\icon":{"Size":0,"LastModifiedDate":"2022-10-10T12:17:57.7130044+08:00"},"bin\\.devfile\\icon\\spring-logo.png":{"Size":6670,"LastModifiedDate":"2022-06-28T04:36:17+08:00"},"bin\\.dockerignore":{"Size":31,"LastModifiedDate":"2022-06-28T04:36:17+08:00"},"bin\\.gitignore":{"Size":45,"LastModifiedDate":"2022-06-28T04:36:17+08:00"},"bin\\.idea":{"Size":4096,"LastModifiedDate":"2022-10-10T12:17:57.7490062+08:00"},"bin\\.idea\\.gitignore":{"Size":50,"LastModifiedDate":"2022-10-09T15:40:36.376+08:00"},"bin\\.idea\\compiler.xml":{"Size":705,"LastModifiedDate":"2022-10-09T15:41:59.477+08:00"},"bin\\.idea\\encodings.xml":{"Size":191,"LastModifiedDate":"2022-10-09T15:41:59.492+08:00"},"bin\\.idea\\jarRepositories.xml":{"Size":1354,"LastModifiedDate":"2022-10-09T15:41:59.509+08:00"},"bin\\.idea\\misc.xml":{"Size":567,"LastModifiedDate":"2022-10-09T15:40:51.499+08:00"},"bin\\.idea\\sonarlint":{"Size":0,"LastModifiedDate":"2022-10-10T12:17:57.7440058+08:00"},"bin\\.idea\\sonarlint\\issuestore":{"Size":0,"LastModifiedDate":"2022-10-10T12:17:57.7440058+08:00"},"bin\\.idea\\sonarlint\\issuestore\\index.pb":{"Size":0,"LastModifiedDate":"2022-10-09T16:06:51.124+08:00"},"bin\\.idea\\workspace.xml":{"Size":2784,"LastModifiedDate":"2022-10-09T15:56:50.729+08:00"},"bin\\.project":{"Size":572,"LastModifiedDate":"2022-10-10T12:17:45.409+08:00"},"bin\\.settings":{"Size":0,"LastModifiedDate":"2022-10-10T12:17:57.7570062+08:00"},"bin\\.settings\\org.eclipse.core.resources.prefs":{"Size":155,"LastModifiedDate":"2022-10-10T12:17:54.968+08:00"},"bin\\HELP.md":{"Size":445,"LastModifiedDate":"2022-06-28T04:36:17+08:00"},"bin\\README.md":{"Size":102,"LastModifiedDate":"2022-06-28T04:36:17+08:00"},"bin\\devfile.yaml":{"Size":1237,"LastModifiedDate":"2022-10-09T16:06:49.749+08:00"},"bin\\docker":{"Size":0,"LastModifiedDate":"2022-10-10T12:17:57.7780063+08:00"},"bin\\docker\\Dockerfile":{"Size":713,"LastModifiedDate":"2022-06-28T04:36:17+08:00"},"bin\\mvnw":{"Size":10070,"LastModifiedDate":"2022-06-28T04:36:17+08:00"},"bin\\mvnw.cmd":{"Size":6608,"LastModifiedDate":"2022-06-28T04:36:17+08:00"},"bin\\outerloop-deploy.yaml":{"Size":538,"LastModifiedDate":"2022-06-28T04:36:17+08:00"},"bin\\pom.xml":{"Size":1521,"LastModifiedDate":"2022-06-28T04:36:17+08:00"},"bin\\src":{"Size":0,"LastModifiedDate":"2022-10-10T12:17:57.855643+08:00"},"bin\\src\\main":{"Size":0,"LastModifiedDate":"2022-10-10T12:17:57.8190058+08:00"},"bin\\src\\main\\java":{"Size":0,"LastModifiedDate":"2022-10-10T12:17:57.8536432+08:00"},"bin\\src\\main\\java\\com":{"Size":0,"LastModifiedDate":"2022-10-10T12:17:57.8546428+08:00"},"bin\\src\\main\\java\\com\\example":{"Size":0,"LastModifiedDate":"2022-10-10T12:17:57.8546428+08:00"},"bin\\src\\main\\java\\com\\example\\demo":{"Size":0,"LastModifiedDate":"2022-10-10T12:17:57.8996414+08:00"},"bin\\src\\main\\java\\com\\example\\demo\\DemoApplication.class":{"Size":2397,"LastModifiedDate":"2022-10-10T12:17:57.8996414+08:00"},"bin\\src\\main\\resources":{"Size":0,"LastModifiedDate":"2022-10-10T12:17:57.8110054+08:00"},"bin\\src\\main\\resources\\application.properties":{"Size":1,"LastModifiedDate":"2022-06-28T04:36:17+08:00"},"bin\\src\\test":{"Size":0,"LastModifiedDate":"2022-10-10T12:17:57.855643+08:00"},"bin\\src\\test\\java":{"Size":0,"LastModifiedDate":"2022-10-10T12:17:57.855643+08:00"},"bin\\src\\test\\java\\com":{"Size":0,"LastModifiedDate":"2022-10-10T12:17:57.8566432+08:00"},"bin\\src\\test\\java\\com\\example":{"Size":0,"LastModifiedDate":"2022-10-10T12:17:57.8566432+08:00"},"bin\\src\\test\\java\\com\\example\\demo":{"Size":0,"LastModifiedDate":"2022-10-10T12:17:57.9016426+08:00"},"bin\\src\\test\\java\\com\\example\\demo\\DemoApplicationTests.class":{"Size":1204,"LastModifiedDate":"2022-10-10T12:17:57.9016426+08:00"},"bin\\target":{"Size":0,"LastModifiedDate":"2022-10-10T12:17:57.8576413+08:00"},"bin\\target\\classes":{"Size":0,"LastModifiedDate":"2022-10-10T12:17:57.8566432+08:00"},"bin\\target\\classes\\META-INF":{"Size":0,"LastModifiedDate":"2022-10-10T12:17:57.8160064+08:00"},"bin\\target\\classes\\META-INF\\MANIFEST.MF":{"Size":156,"LastModifiedDate":"2022-10-10T12:17:45.151+08:00"},"bin\\target\\classes\\application.properties":{"Size":1,"LastModifiedDate":"2022-10-09T15:56:52.304+08:00"},"bin\\target\\classes\\com":{"Size":0,"LastModifiedDate":"2022-10-10T12:17:57.8576413+08:00"},"bin\\target\\classes\\com\\example":{"Size":0,"LastModifiedDate":"2022-10-10T12:17:57.8576413+08:00"},"bin\\target\\classes\\com\\example\\demo":{"Size":0,"LastModifiedDate":"2022-10-10T12:17:57.8576413+08:00"},"bin\\target\\generated-sources":{"Size":0,"LastModifiedDate":"2022-10-10T12:17:57.8586421+08:00"},"bin\\target\\generated-sources\\annotations":{"Size":0,"LastModifiedDate":"2022-10-10T12:17:57.8586421+08:00"},"devfile.yaml":{"Size":1495,"LastModifiedDate":"2022-10-10T13:14:51.4175056+08:00"},"docker":{"Size":0,"LastModifiedDate":"2022-10-09T16:21:30.5003607+08:00"},"docker\\Dockerfile":{"Size":713,"LastModifiedDate":"2022-06-28T04:36:17+08:00"},"mvnw":{"Size":10070,"LastModifiedDate":"2022-06-28T04:36:17+08:00"},"mvnw.cmd":{"Size":6608,"LastModifiedDate":"2022-06-28T04:36:17+08:00"},"outerloop-deploy.yaml":{"Size":538,"LastModifiedDate":"2022-06-28T04:36:17+08:00"},"pom.xml":{"Size":1521,"LastModifiedDate":"2022-06-28T04:36:17+08:00"},"src":{"Size":0,"LastModifiedDate":"2022-10-09T16:21:30.5323607+08:00"},"src\\main":{"Size":0,"LastModifiedDate":"2022-10-09T16:21:30.5263605+08:00"},"src\\main\\java":{"Size":0,"LastModifiedDate":"2022-10-10T12:18:42.6555527+08:00"},"src\\main\\java\\META-INF":{"Size":0,"LastModifiedDate":"2022-10-10T12:18:42.6555527+08:00"},"src\\main\\java\\META-INF\\MANIFEST.MF":{"Size":39,"LastModifiedDate":"2022-10-10T12:18:42.6555527+08:00"},"src\\main\\java\\com":{"Size":0,"LastModifiedDate":"2022-10-09T16:21:30.5153608+08:00"},"src\\main\\java\\com\\example":{"Size":0,"LastModifiedDate":"2022-10-09T16:21:30.5183601+08:00"},"src\\main\\java\\com\\example\\demo":{"Size":0,"LastModifiedDate":"2022-10-09T16:21:30.5213615+08:00"},"src\\main\\java\\com\\example\\demo\\DemoApplication.java":{"Size":751,"LastModifiedDate":"2022-10-10T13:12:35.9444392+08:00"},"src\\main\\resources":{"Size":0,"LastModifiedDate":"2022-10-09T16:21:30.5283603+08:00"},"src\\main\\resources\\application.properties":{"Size":1,"LastModifiedDate":"2022-06-28T04:36:17+08:00"},"src\\test":{"Size":0,"LastModifiedDate":"2022-10-09T16:21:30.5343627+08:00"},"src\\test\\java":{"Size":0,"LastModifiedDate":"2022-10-09T16:21:30.5363604+08:00"},"src\\test\\java\\com":{"Size":0,"LastModifiedDate":"2022-10-09T16:21:30.5393599+08:00"},"src\\test\\java\\com\\example":{"Size":0,"LastModifiedDate":"2022-10-09T16:21:30.5423616+08:00"},"src\\test\\java\\com\\example\\demo":{"Size":0,"LastModifiedDate":"2022-10-09T16:21:30.5453614+08:00"},"src\\test\\java\\com\\example\\demo\\DemoApplicationTests.java":{"Size":206,"LastModifiedDate":"2022-06-28T04:36:17+08:00"}}}